190-189-127,#BEBD7F,Beige_vert
194-176-120,#C2B078,Beige
198-166-100,#C6A664,Jaune_sable
229-190-001,#E5BE01,Jaune_de_sécurité
205-164-052,#CDA434,Jaune_or
169-131-007,#A98307,Jaune_miel
228-160-016,#E4A010,Jaune_maïs
220-156-000,#DC9D00,Jaune_narcisse
138-102-066,#8A6642,Beige_brun
199-180-070,#C7B446,Jaune_citron
234-230-202,#EAE6CA,Blanc_perlé
225-204-079,#E1CC4F,Ivoire
230-214-144,#E6D690,Ivoire_clair
237-255-033,#EDFF21,Jaune_soufre
245-208-051,#F5D033,Jaune_safran
248-243-053,#F8F32B,Jaune_zinc
158-151-100,#9E9764,Beige_gris
153-153-080,#999950,Jaune_olive
243-218-011,#F3DA0B,Jaune_colza
250-210-001,#FAD201,Jaune_signalisation
174-160-075,#AEA04B,Jaune_ocre
255-255-000,#FFFF00,Jaune_brillant
157-145-001,#9D9101,Jaune_curry
244-169-000,#F4A900,Jaune_melon
214-174-001,#D6AE01,Jaune_genêt
243-165-005,#F3A505,Jaune_dahlia
239-169-074,#EFA94A,Jaune_pastel
106-093-077,#6A5D4D,Beige_nacré
112-083-053,#705335,Or_nacré
243-159-024,#F39F18,Jaune_soleil
237-118-014,#ED760E,Orangé_jaune
201-060-032,#C93C20,Orangé_rouge
203-040-033,#CB2821,Orangé_sang
255-117-020,#FF7514,Orangé_pastel
244-070-017,#F44611,Orangé_pur
255-035-001,#FF2301,Orangé_brillant
255-164-032,#FFA420,Orangé_clair_rillant
247-094-037,#F75E25,Orangé_rouge_clair
245-064-033,#F54021,Orangé_signalisation
216-075-032,#D84B20,Orangé_de_sécurité
236-124-038,#EC7C26,Orangé_foncé
235-106-014,#E55137,Orangé_saumon
195-088-049,#C35831,Orangé_nacré
175-043-030,#AF2B1E,Rouge_feu
165-032-025,#A52019,Rouge_de_sécurité
162-035-029,#A2231D,Rouge_carmin
155-017-030,#9B111E,Rouge_rubis
117-021-030,#75151E,Rouge_pourpre
094-033-041,#5E2129,Rouge_vin
065-034-039,#412227,Rouge_noir
100-036-036,#642424,Rouge_oxyde
120-031-025,#781F19,Rouge_brun
193-135-107,#C1876B,Rouge_beige
161-035-018,#A12312,Rouge_tomate
211-110-112,#D36E70,Vieux_rose
234-137-154,#EA899A,Rose_clair
179-040-033,#B32821,Rouge_corail
230-050-068,#E63244,Rosé
213-048-050,#D53032,Rouge_fraise
204-006-005,#CC0605,Rouge_signalisation
217-080-048,#D95030,Rouge_saumon
248-000-000,#F80000,Rouge_brillant
254-000-000,#FE0000,Rouge_clair_brillant
197-029-052,#C51D34,Rouge_framboise
203-050-052,#CB3234,Rouge_puro
179-036-040,#B32428,Rouge_oriental
114-020-034,#721422,Rouge_rubis_nacré
180-076-067,#B44C43,Rose_nacré
222-076-138,#6D3F5B,Lilas_rouge
146-043-062,#922B3E,Violet_rouge
222-076-138,#DE4C8A,Violet_bruyère
110-028-052,#641C34,Violet_bordeaux
108-070-117,#6C4675,Lilas_bleu
160-052-114,#A03472,Pourpre_signalisation
074-025-044,#4A192C,Violet_pourpre
144-070-132,#924E7D,Violet_de_sécurité
164-125-144,#A18594,Violet_pastel
215-045-109,#CF3476,Telemagenta
134-115-161,#8673A1,Violet_nacré
108-104-129,#6C6874,Mûre_nacré
042-046-075,#354D73,Bleu_violet
031-052-056,#1F3438,Bleu_vert
032-033-079,#20214F,Bleu_outremer
029-030-051,#1D1E33,Bleu_saphir
032-033-079,#18171C,Bleu_noir
030-045-110,#1E2460,Bleu_de_sécurité
062-095-138,#3E5F8A,Bleu_brillant
038-037-045,#26252D,Bleu_gris
002-086-105,#025669,Bleu_azur
014-041-075,#0E294B,Bleu_gentiane
035-026-036,#231A24,Bleu_acier
059-131-189,#3B83BD,Bleu_clair
037-041-074,#1E213D,Bleu_cobalt
096-111-140,#606E8C,Bleu_pigeon
034-113-179,#2271B3,Bleu_ciel
006-057-113,#063971,Bleu_signalisation
063-136-143,#3F888F,Bleu_turquoise
027-085-131,#1B5583,Bleu_capri
029-051-074,#1D334A,Bleu_océan
037-109-123,#256D7B,Bleu_d’eau
037-040-080,#252850,Bleu_nocturne
073-103-141,#49678D,Bleu_distant
093-155-155,#5D9B9B,Bleu_pastel
042-100-120,#2A6478,Gentiane_nacré
016-044-084,#102C54,Bleu_nuit_nacré
049-102-080,#316650,Vert_patine
040-114-051,#287233,Vert_émeraude
045-087-044,#2D572C,Vert_feuillage
066-070-050,#424632,Vert_olive
031-058-061,#1F3A3D,Vert_bleu
047-069-056,#2F4538,Vert_mousse
062-059-050,#3E3B32,Olive_gris
052-059-041,#343B29,Vert_bouteille
057-053-042,#39352A,Vert_brun
049-055-043,#31372B,Vert_sapin
053-104-045,#35682D,Vert_herbe
088-114-070,#587246,Vert_réséda
052-062-064,#343E40,Vert_noir
108-113-086,#6C7156,Vert_jonc
071-064-046,#47402E,Olive_jaune
059-060-054,#3B3C36,Olive_noir
030-089-069,#1E5945,Vert_turquoise
076-145-065,#4C9141,Vert_mai
087-166-057,#57A639,Vert_jaune
189-236-182,#BDECB6,Vert_blanc
046-058-035,#2E3A23,Vert_oxyde_chromique
137-172-118,#89AC76,Vert_pâle
037-034-027,#25221B,Olive_brun
048-132-070,#308446,Vert_signalisation
061-100-045,#3D642D,Vert_fougère
001-093-082,#015D52,Vert_opale
132-195-190,#84C3BE,Vert_clair
044-085-069,#2C5545,Vert_pin
032-096-061,#20603D,Vert_menthe
049-127-067,#317F43,Vert_de_sécurité
073-126-118,#497E76,Turquoise_menthe
127-181-181,#7FB5B5,Turquoise_pastel
028-084-045,#1C542D,Vert_nacré
022-053-055,#193737,Vert_opal_nacré
000-143-057,#008F39,Vert_pur
000-187-045,#00BB2D,Vert_brillant
120-133-139,#78858B,Gris_petit-gris
138-149-151,#8A9597,Gris_argent
126-123-082,#7E7B52,Gris_olive
108-112-089,#6C7059,Gris_mousse
150-153-146,#969992,Gris_de_sécurité
100-107-099,#646B63,Gris_souris
109-101-082,#6D6552,Gris_beige
106-095-049,#6A5F31,Gris_kaki
077-086-069,#4D5645,Gris_vert
076-081-074,#4C514A,Gris_tente
067-075-077,#434B4D,Gris_fer
078-087-084,#4E5754,Gris_basalte
070-069-049,#464531,Gris_brun
067-071-080,#434750,Gris_ardoise
041-049-051,#293133,Gris_anthracite
035-040-043,#23282B,Gris_noir
051-047-044,#332F2C,Gris_terre_d’ombre
104-108-094,#686C5E,Gris_béton
071-074-081,#474A51,Gris_graphite
047-053-059,#2F353B,Gris_granit
139-140-122,#8B8C7A,Gris_pierre
071-075-078,#474B4E,Gris_bleu
184-183-153,#B8B799,Gris_silex
125-132-113,#7D8471,Gris_ciment
143-139-102,#8F8B66,Gris_jaune
215-215-215,#D7D7D7,Gris_clair
127-118-121,#7F7679,Gris_platine
125-127-120,#7D7F7D,Gris_poussière
195-195-195,#B5B8B1,Gris_agate
108-105-096,#6C6960,Gris_quartz
157-161-170,#9DA1AA,Gris_fenêtre
141-148-141,#8D948D,Gris_signalisation_A
078-084-082,#4E5452,Gris_signalisation_B
202-196-176,#CAC4B0,Gris_soie
144-144-144,#909090,Telegris_1
130-137-143,#82898F,Telegris_2
208-208-208,#D0D0D0,Telegris_4
137-129-118,#898176,Gris_souris_nacré
130-108-052,#826C34,Brun_vert
149-095-032,#955F20,Brun_terre_de_Sienne
108-059-042,#6C3B2A,Brun_de_sécurité
115-066-034,#734222,Brun_argile
142-064-042,#8E402A,Brun_cuivré
089-053-031,#59351F,Brun_fauve
111-079-040,#6F4F28,Brun_olive
091-058-041,#5B3A29,Brun_noisette
089-035-033,#592321,Brun_rouge
056-044-030,#382C1E,Brun_sépia
099-058-052,#633A34,Marron
076-047-039,#4C2F27,Brun_acajou
069-050-046,#45322E,Brun_chocolat
064-058-058,#403A3A,Brun_gris
033-033-033,#212121,Brun_noir
166-094-046,#A65E2E,Brun_orangé
121-085-061,#79553D,Brun_beige
117-092-072,#755C48,Brun_pâle
078-059-049,#4E3B31,Brun_terre
118-060-040,#763C28,Cuivre_nacré
250-244-227,#FDF4E3,Blanc_crème
231-235-218,#E7EBDA,Blanc_gris
244-244-244,#F4F4F4,Blanc_de_sécurité
040-040-040,#282828,Noir_de_sécurité
010-010-013,#0A0A0A,Noir_foncé
165-165-165,#A5A5A5,Aluminium_blanc
143-143-143,#8F8F8F,Aluminium_gris
255-255-255,#FFFFFF,Blanc_pur
028-028-028,#1C1C1C,Noir_graphite
246-246-246,#F6F6F6,Blanc_signalisation
030-030-030,#1E1E1E,Noir_signalisation
215-215-215,#D7D7D7,Blanc_papyrus
156-156-156,#9C9C9C,Gris_clair_nacré
130-130-130,#828282,Gris_fonçé_nacré